id,name,description
1,JavaScript,"Lenguaje de programación web frontend y backend."
2,Python,"Lenguaje de programación versátil, usado en data science, web, etc."
3,React,"Librería de JavaScript para interfaces de usuario."
4,Node.js,"Entorno de ejecución de JavaScript en el backend."
5,Bases de Datos,"Sistemas de gestión de bases de datos (SQL, NoSQL)."
6,Desarrollo Web,"Temas generales de desarrollo para la web."
7,Algoritmos,"Conceptos y técnicas de algoritmos y estructuras de datos."
8,CSS,"Hojas de estilo en cascada para diseño web."
9,HTML,"Lenguaje de marcado para la estructura del contenido web."